Text 1;итс;ора;иви;бол;ков
Text 2; сл;тьс;шан;щё ;ту 
Text 3;ько;зал;сра;ото;рма
Text 4;ду ;дит;дь ;ван;Боб
Text 5;анк;бол; ба;отр;му 
Text 6;асс;кон;лат;. С;ним
Text 7;му ;, р;» —;да ;воз
Text 8;жно; са;же ;ока;дос
Text 9;оны;гае;и н;ять;бол
Text 10; му;ие ;тот;о н;в п
Text 11;а в;роб;стр; но;себ
Text 12;ать;бил;адр;спе;и н
Text 13;к н;м, ;ори;й —;зде
Text 14;ые ;том;ове;ыми;ина
Text 15;ооб;аре;ерн;нов;вые
Text 16; вы;дит;я и;е. ;я с
Text 17;тер;том;й и;тво;арн
Text 18;я д; пи;ме ; та; ре
Text 19;кам; хо;ила;они;...
Text 20; бе;ог ;мин;по ;но,
Text 21;туф;0 е;ово;т-м;инт
Text 22;нал;тра;мож;ова; то
Text 23;ину;стн;апр;мер;ать
Text 24;тьс;пан;дан;о м;мпа
Text 25;пыт; оч;их ;тда;ких
Text 26;в в; де;и т; В ; у 
Text 27;стр;от ;   ;о о; ди
Text 28;орн;мит;лич;ь в;тьс
Text 29;и. ; ре;. В;фон;о н
Text 30;рет; Ко;нет;Ком;ото
Text 31; ещ;хот;шки;Есл;ок 
Text 32; Пр;век;орн;пис;каб
Text 33; но;, х;ане;тож;и е
Text 34;ове; че;ери;-ле;инс
Text 35;по ;, т;лог;у н;чел
Text 36;ь н;ют ;м, ;ь. ;о л
Text 37;ри ;вид;зак; у ;е о
Text 38;тно;у и;о с;лен;и с
Text 39;ело;и э;нап;м э;циа
Text 40;м п;я к;чел;ои ;е п
Text 41;о и;вле;и «;йфо;ем 
Text 42;тро;спр;инг;Во-; ос
Text 43;ый ;ном;, ч;мер;я, 
Text 44;шно;тве;де ;да ;лят
Text 45; бе;рач;мый;ны ;ний
Text 46;н п;до ;тат;ьно;ы, 
Text 47;я, ;ют ;сек;мее; ин
Text 48;рос;а с;де ; те;дет
Text 49;н, ;ь с;ные;ких;вып
Text 50;вме;ны ;а в;ами;стр
Text 51; эт;в п;еск; ин;иче
Text 52;чно;роп;спо;е к;от 
Text 53;ная;етс;ляе;авт;тур
Text 54;етс;тся;уют; их;аль
Text 55; с ;так; из;цио; не
Text 56;По ;е р;т б;роч;ke:
Text 57;ако;ник;ель;дел;ии 
Text 58;рк ;арк;, а;ва.;удо
Text 59;инф;ктя;Фон;ско;450
Text 60;ут ;ы, ;едо;у. ;шее
Text 61;. С;сяч;81; % ;ает
Text 62;авр;v) ;xan;r #;а к
Text 63;кла;ке ; во;пар;одн
Text 64;ств;оже;ыся;». ; он
Text 65;м. ;ь с;ные;ДРЕ;рор
Text 66;нос;. В;дел;е з;ее 
Text 67;я, ;дер;рас;е б;й. 
Text 68;а в;тся;, с;рыт; ис
Text 69;ела;бол;тво;зди;нтр
Text 70;зра; от;аск;асс; Но
Text 71;каж;еше;бол;иче;руг
Text 72;вор;ди ; чи;е с;ист
Text 73;ейч;воз; св;ери;нов
Text 74; По;сси;т п;тер;ове
Text 75;щен;ата;ь, ;век;одн
Text 76;ни ;ки ;етс;т в;ый 
Text 77;ате;лис;нск;ьно;ной
Text 78; у ;бол;ала;лов;Фра
Text 79;оси;е, ;ень;и т;огд
Text 80;каз;а. ;е и;рим;око
Text 81;час; дл;ерн; — ;то,
Text 82;, п;я с; ро;же ;кой
Text 83; ре;изи;-то;енд;й п
Text 84;им ;Пет;тов;. И;чен
Text 85; де;рес;кры;ое ;оло
Text 86;люд;ь в;тат;ь с;чь 
Text 87;енн;арт;едо; Та;и б
Text 88;ним;.— ;рим;вен;еде
Text 89;овс;тив; он; По;ти 
Text 90;к, ;ных;ов ; Мы;раб
Text 91;ист;.  ;ион;от ;да 
Text 92;вае;все;тал;мно;рос
Text 93;ивн;ьно; Ка;я с;рую
Text 94;ран;ьны; де;и н;нут
Text 95;нар;дно;, п;х с;апр
Text 96; сл;оте;тат;о к;сле
Text 97;о ш;Гор;у в;к, ;Так
Text 98;олю;дна;рит;рск;ь и
Text 99;а л;е с;ец ;ень;бин
Text 100;а“.;оуб;. «;тов;но,
Text 101;ешн;ие,; Со;во.; Мо
Text 102;нте;х п;ист;шен; ко
Text 103;итс;рьб;иче;».Н; ос
Text 104;в ц;чнё;ть,;нар;40
Text 105;ино; ми;айт;нос;кие
Text 106;.Кр;м П;рек;ет ;м ж
Text 107;обл;аве;зчи; Му; ос
Text 108;рцо;нск;ь н;еда;у в
Text 109;роч;мо ;тоя;ест;16а
Text 110;акц;д в;24:00:00; сп;рат
Text 111;и з;учи;рме;к г;объ
Text 112; «М;чал;гис;бур;дже
Text 113; ба;го,;инг;пят;ь м
Text 114;ти,;ети;олу;пар;лав
Text 115;ена;раб;етс;к п;сло
Text 116;нно;рас;ные; с ;, ф
Text 117;80;5 г;ена;ые ;акт
Text 118;или;ста;е, ;ень;гру
Text 119;х и;РУ.;he ;ств;а т
Text 120;в и;м к;дет;рси;слу
Text 121;бол;чев;имо;иру;20
Text 122;обо; С ;ко ;чнё;к а
Text 123; ба;ой,;ь. ;х л;с-п
Text 124;Пре;арн;х о; кт;ир»
Text 125;ящи; бы;льс;м н;ком
Text 126;ия ;сте;льн;тве; ап
Text 127;Гор;ё в;око;» в;и н
Text 128;32; ма;ъяв;оди;ий 
Text 129;рма;р»,;рин;яви;О «
Text 130;вор;бы ;рад;кол;нос
Text 131; не;600; кр;ецк;и м
Text 132;ера;Бат;ы. ;еле;оим
Text 133; чт;йск;гае;и н;омм
Text 134;16;лив;был;ь н;ту,
Text 135;бол;зиц;асн; не;о 1
Text 136;5:04;рип;т С;бед;рцо
Text 137;0.Ж; ин;нке;С».;ешн
Text 138;тер;общ;рес;о Г; ин
Text 139;пра;сот;нах;ый ;а с
Text 140;яви;ает;ь с;одн;ю г
Text 141;стю;ика; вт;ка ;ге 
Text 142;ая»; ин;ика;зад;ров
Text 143;ей.;мен;ты ;очк;й и
Text 144;сле;ь п;бои;их ;, Т
Text 145;сть;дим;фин;урс;7 м
Text 146; пр;отп;2 С;в п;иях
Text 147;0 н;ны ;вра;рим;.ru
Text 148;и T;ота;асс;сум;н»,
Text 149;око;кно;Стр;аза; дл
Text 150;ба ;в м;зде;ута;в о
Text 151;и н;ако; ру;uis;ьно
Text 152;Стр;лнц;ени;вши;Фра
Text 153;чен;тра;вка;201;192
Text 154;рев;еха;. Э;ют,;аши
Text 155;бе ;е —;ов ;ов.;, к
Text 156;тис;гие;уп ;до ;а S
Text 157;льш;а н;оим;тно;ега
Text 158; бе;тем;ятн;а н;ом,
Text 159;тся;эта;и с;уду;0 д
Text 160;ный;обр;кже;ку ;ьны
Text 161;од-; ин;али;саж;анк
Text 162;ько;ь, ;ули;мож;объ
Text 163;нье;зжа;под;рту;д, 
Text 164;дел;сто;д о;л» ; Дл
Text 165;Чер;т е;нён;ейч;пор
Text 166;рбу;мой;вст;h D;н: 
Text 167;ют ; из;: г;ато;— з
Text 168;. П;т- ;ди,;ква;лин
Text 169;чны;ка ;а К;ция;Куд
Text 170;сти; ме;язи; эк; в 
Text 171;о ч;ред;лня;вра;пад
Text 172; (я;упр;р к;дея; уж
Text 173;асс;дер;тен;омм;рас
Text 174;х д;ред;иче;ndh;дер
Text 175;о п;5 м;рпи;, 2;опр
Text 176;а. ;о о;есн;рыл;зпр
Text 177;спр;руг; «К;общ;ы, 
Text 178;ы и;осп;pan;и: ;ерб
Text 179;ь п;общ;рус;ы. ;fi»
Text 180;аны;ОПИ;аши;кул;обо
Text 181;, 1;же ; лю;тат;мел
Text 182;был;рна;ны.;о. ;ябр
Text 183;нём;ла ; вт;о у;ми 
Text 184; Со;всю;й».;е «;ённ
Text 185;кая;спр;тик;оез;сит
Text 186;при;ово;т с;лте;кап
Text 187;«Си;мин;еле;ла ; ин
Text 188;е о;у Р;сос;кро;час
Text 189;нку;име;ючи;кла;. П
Text 190;ьёз;бот;ла ;ыех;ка 
Text 191;ерб;Тре;е о;алл;оля
Text 192;бща;хож;P.r;ече;чен
Text 193;али;мит;ним;кор; жу
Text 194;.  ;ори;чег;6.;сос
Text 195;утк;ору;дны; бу;11
Text 196;ким; го;бур;в в;к «
Text 197;кад;ерр;кую;рое;меч
Text 198;ба ;вгу;ург;20;от 
Text 199;гу.;огр;, з;х у;вен
Text 200;а»,;ечи; ат;и Г;ва»
Text 201; За;Наш;чно;инц;оот
Text 202;фтн;тор;ста; му;йна
Text 203;ест;тре; Де;ейс;то 
Text 204;в и;XVI;тр ;бое;p, 
Text 205;ржц;геп;узд; Ле;в с
Text 206;тал;Вит;д в;айн;име
Text 207;ет-;Мал;и о;а М;рые
Text 208;т б;ь н;еда;18;о. 
Text 209;нтр;до ;нес;. Т;ать
Text 210; ор; ве;в п;а (;Оле
Text 211;.Се;о п;дре;ете;а А
Text 212;обо;е 3;кже;дли;ете
Text 213;гол;12;и н;ора;в А
Text 214; Он;рои;поп;иже;мал
Text 215; во;й П;рыв;дко;ове
Text 216;оу ;. Л;ье.;ва ;зар
Text 217; Ка;ба:;Кам;7;т в
Text 218; гу;ращ;едс;одн;тни
Text 219;й б;отп; ор;бли;м ю
Text 220;Гру;ани;ик ;ля ;Мож
Text 221;чик;нка;нор;вст;лли
Text 222; ию; ко;ма-;ыти;юня
Text 223;», ;и з;е т;ест;гаю
Text 224;ани;ем ;аль;гор;о г
Text 225;кли;ией;по ; Пр;час
Text 226;бще;иан;ы, ;пор;(51
Text 227;иче;ill; ви;вок;.Ка
Text 228;мод;б, ;чи ;«До;вза
Text 229;7 и;ше ;тща; у ;ок 
Text 230;оне;жат;й б;епл;пле
Text 231;ылк;имо;иру;20;лан
Text 232; во;го,;ут ;ну ;упл
Text 233;фес;ё в;».П;й г;ВКо
Text 234;ых ;чен;ора;тра; эт
Text 235;nn ;авл;али;пор;ро,
Text 236;ну ;е с; На;лно;и м
Text 237;ой);ово; То;Вас;лов
Text 238;о б;ма ;кал;уст;ки 
Text 239;ерг;обр;.Лю; вз;350
Text 240;ью ;и» ;ают;ы. ;нос
Text 241;ра ;оду;же ;рбу;тр 
Text 242;абл;ом,;нны;ке,;ё».
Text 243;ист;ит ; ст;нас;аль
Text 244;у д;лоч;80; мо; са
Text 245;0 н;июл;нал;май;у —
Text 246;иза;кти;упо;пор;ми 
Text 247;упи;асс;ния;ево;оты
Text 248;лён;и к;а. ;ала;пят
Text 249;оне;СС.;дне;.Се; %.
Text 250;тся;т и;«ПТ;-кл;а б