Text 1;ели;ции;айн;ден;дер
Text 2;пят;ы с;сам;иче;е. 
Text 3;нир;и э; мл; об;ото
Text 4;за.; же;яет;мир;ё с
Text 5;l S;ьне;оил;е к;ё р
Text 6;что;ейш;ида;е э;ала
Text 7;рош;нос;ым,;77;икш
Text 8;и о;ы.П; ув;ьша; СШ
Text 9;рно;уза;ыва;ия ;oca
Text 10;рас;ход;цсе;ok.;сто
Text 11;го,;ант;ове;a.В;ени
Text 12;тер;е и;ыти;о с;сия
Text 13;13;да ;тву;оли;uTu
Text 14;ее,;оце; Ти;бст;пла
Text 15;e и;он ;Впо;овы;т р
Text 16;17;ере;акц;гет;.Ещ
Text 17;ичн;ове;а.C;ире;мож
Text 18;лки;овм;сис;пус;гно
Text 19;ь о;ог ;тог;акж; ме
Text 20;лет;осу;шен;онф;.На
Text 21; кв;сет;0,16;чен;0.В
Text 22; сл;й р;нды;лис;с М
Text 23;кру;ыло;доб;ром;оро
Text 24; ин;. Е;сто;огн;, и
Text 25;е о;осз;выс;иях;удо
Text 26;ях.;м и;Бол;ха.;му 
Text 27;дич; из;инё;ход;у п
Text 28;Об ;все; и ;воз;зов
Text 29;дпо;озм;PS,;о п;над
Text 30;ооб;к с;. Н;ьст;свя
Text 31;дал;вые;сия;раз; мл
Text 32;0;400;роп;ащи;вре
Text 33;раб;, а;кта;тся;лен
Text 34;ука;е к;ы н;ут ;асс
Text 35;я н;ов.;. А; бы;о, 
Text 36;20;зом; ро;ic,;ны 
Text 37;нах;рос; мо;тен;ног
Text 38; ро;Меж;tKa; зн;ила
Text 39; бы;сен;в н;пул;а $
Text 40;еди;т э;ё п;я э;лей
Text 41;кже;Одн;я н;лоб; ещ
Text 42;«ин;ни-;мин;ита;ста
Text 43;чь ;е е;мни;бст;ют 
Text 44;ит ;dia;#??; с ;обы
Text 45;ы, ;им,;ма ;мни;ома
Text 46;му ;е м;иях;ни ; со
Text 47;гае;имы;х ч;осс;диа
Text 48;ерр;кот;мож;ега;а д
Text 49;м у;нос;ыва;рим;тав
Text 50;кту; оч;вещ;ном;оче
Text 51;0,5;еся;бст;апи; ок
Text 52;мир;пре;of ;ело;, н
Text 53;ифи;о с;том;зво;ь о
Text 54;е э;опр;Тел;исп;ив 
Text 55; вы;орг;лав;х в;ото
Text 56;бу ; чт;нте;жни;юзи
Text 57;зна;, и;ощь;озв;ком
Text 58;исн;ья ;е а;рме;роп
Text 59;ки»;в м;рог;ник;в Р
Text 60;бра;нса;икс;е в;о ф
Text 61; бе;ире; ма;ози;ода
Text 62;та,;ста;ю н;про;тся
Text 63;чь ;ара;им,;мни;App
Text 64;ткр;ённ;рев;аль;тив
Text 65; те;ых ;Cen;в о;из 
Text 66; ру;сов;вос;ия ;суд
Text 67;рсо;лей;раз;и н;инц
Text 68;s, ;заи;руб;рск;оро
Text 69;ере;им,;мни;в э;бст
Text 70;ока;рын;и н;на,;а. 
Text 71; че;мес;одв;нит;т з
Text 72; из;«бе;ход;ды.;рош
Text 73;пущ;нии;ас ;ки ;рит
Text 74; фо;ту,;ая ;е в;ко 
Text 75;я о;: S;оос;ъед;еты
Text 76;оно;му ;ете;ент;ем 
Text 77; Со;37;ани;лен;нак
Text 78;епе;e и;вне;м, ;хно
Text 79;. Г;сси;сра;зра;иру
Text 80;— к;едк;ром;к о; их
Text 81;ем ;а к;400;, а;ико
Text 82;ных;ког; У ;ачн;ых 
Text 83;10; эт;пок; сн;вид
Text 84;пос;аде; Шл;их ; ра
Text 85;н. ; ми; ус;д. ;ями
Text 86;л в;дро; её;ыло;очл
Text 87;ют ;т 4;злю; Ро;то 
Text 88;мож;укл;лон;оби;лек
Text 89;s А;тер;мощ;од ;le 
Text 90;ком;жен;ате;tel;дол
Text 91;в п;ган;лай;о ф; им
Text 92;озд;исп;озв;бно;жен
Text 93;нед;адл;жер;ал ; Де
Text 94;иче;ссы;ена;рре;зра
Text 95;ма ;ткр;адо;те.;век
Text 96;сто;моб;онс;сит;ту 
Text 97;оей;вол; Ко;руч;вес
Text 98;арт;льк;м в;ийс;ке 
Text 99;то ;ак ;вую;ам ;был
Text 100;ь п; ст;гов;ции;ети
Text 101;ещё;зко;зчи;ь д;: в
Text 102;оми;вия;е д;уду;бле
Text 103;и Г;осу;Нап;убе;цар
Text 104;оти; пе; В ;х с;в с
Text 105; со;ани;чен;м у;их 
Text 106;вил;л б;ем ;зии;т о
Text 107;ов.;емо;обо;аем;рил
Text 108; вп;нла;им,;мни; ок
Text 109;овл;и с;это;бов;рос
Text 110;оян;омо;опр;с а;сси
Text 111;яза;по ; да;нес;й р
Text 112;фил;ва.;ево;кан; ми
Text 113;й п;то ;оби;ак ;нно
Text 114;асш;шир;рог;ици;я б
Text 115;от ; ау;пок;бол;ают
Text 116;m с;рио;оег;-ту; ср
Text 117;вне;чнё;н о;тве;име
Text 118;, п;ать; эк;е в;стр
Text 119;а п;и ц;ази;ми,;лаш
Text 120;вод;ним;иск;в К;мил
Text 121; ок;тур;лом;поз;а п
Text 122;м м;млн;юдж;йте;ару
Text 123;в с;уг ;осо; те;о у
Text 124;0 д;ён.;С 1;я о;кце
Text 125;я м;йку; из;use;ctr
Text 126;ьск; иг;м р;ове;уще
Text 127;пос;аде;ов ; ра;ера
Text 128;. Ч;му ;о р;и М;ски
Text 129;ств;име;ким; че;ано
Text 130; им;оро;отн;и и; чт
Text 131;ет ;ире;них;ий,;ода
Text 132;илл;сию;я о;смо;roi
Text 133;пец;лен;ром;Юго; их
Text 134;а т;н о;тве;поп;ким
Text 135;быт; Пр;уст;пос; ра
Text 136;стр;то ;рис;е т;лаг
Text 137; бы;в о;аим;ого;ве 
Text 138; ск;80;0 0; ок;ют 
Text 139;о д;ль ;дет; ни;вля
Text 140;рта;ива;ыла;екц;а п
Text 141;лей;я з;оиз;огд;о и
Text 142;ьны;ере; ок;ют ;вел
Text 143;име;рих;стр;енн; па
Text 144;ина;е. ;7,00 $; че;ону
Text 145;и з;ее,;бст;апи;ело
Text 146;кий;ей ;0 %;мпа;ват
Text 147;ем ;в з;од.;ипе;ы «
Text 148;ла ;кже;зме;0;лан
Text 149;льц;исп;иск;ива;тур
Text 150;бра; St;я н;лан;ов.
Text 151; вл;ена;о L;ASD; Go
Text 152;льц;ком;жно;Пер;тех
Text 153;в д;ку.;фор; а ;оце
Text 154;кло;8;ьны;ере;езу
Text 155;ов.; бы;ый ;одд;тет
Text 156;05.??фер;ьны;0 0;ара
Text 157;опр;. В;тах;вят;т н
Text 158;лен;ект;нак; их;еющ
Text 159;оле;9;гла;реа;ова
Text 160;ьне;Gol;е к;зра;емо
Text 161;й в;ru ;льк;ью ;уще
Text 162;рив; го;оло;вли;ceb
Text 163;н о;лаш;нве;рио;ици
Text 164; Не;рче; хв;ао»;о г
Text 165;апа;ет,;рим;амм;9 р
Text 166;к в;0,5 %;тах;о у;чёт
Text 167;вен; ко;ая ;ю и;вит
Text 168;тук;вес;шиб;O F;ьны
Text 169;ома;аль;ют ; аг;пла
Text 170;рка;а E;о «;в н;отц
Text 171;рне;ект;зи ;у, ;екс
Text 172; Су;ых ;лед;шег;ело
Text 173; со;х в;вет;яну;соо
Text 174;инф;азв;дин;исо;2 р
Text 175;иде; Te;жб ; к ;я у
Text 176;дее;ьно;тс,;реш;а т
Text 177;ран;тв ;ь. ;гот; об
Text 178;ы д;#??;мож;дея;воч
Text 179;пус;в н;яти;р П;ник
Text 180;вне;м, ;яти;пал;лко
Text 181;овы;т р;ким;ерч;у «
Text 182;оды;ина;к, ;реш;анч
Text 183;а ч;кон;нзи;ьзо;о о
Text 184;явл;и б;сь ;або;уют
Text 185;50;% а;оун;гут;ооб
Text 186;важ; во;тра; «п;вят
Text 187;u б;жур;рыт;ром;ец 
Text 188;улы;ов»;доб;тяг; ча
Text 189; ср;мес;коп;т з; Се
Text 190;ше ;Уол;тыв;кау;о у
Text 191;лег;c, ; од; бо;я ж
Text 192; же;яет;98;ше ;ре.
Text 193;58;Дми;ыла;еты;Кем
Text 194;: о; ма;олж;вес;яющ
Text 195;обс;ово;лик;лей;мм 
Text 196;о н; в ; ст;вкл;0 %
Text 197;ым ;рым;чек;ъед;йст
Text 198;беж;ыбр;ука;ий,;асс
Text 199;стя;ов ;а Д;ера;ов 
Text 200;ван;кты;ало;до ;нск
Text 201;той;руш;, ч; зд;овл
Text 202;тив;сер;ба ;ски;ой 
Text 203;х с;е 1;сто;ём ;ает
Text 204;и о;але;, п;в (;мол
Text 205;ё в; ок;ых ; ну;гал
Text 206;о л; ст;вед;ена;осо
Text 207;осс;т н;инл;нак;ю в
Text 208;та ;. Н;нас;ер ; уй
Text 209;лом;а п;e и;он ;м, 
Text 210;ект;му ;о р;рно;сов
Text 211;лич;тся;роп;с м;чес
Text 212;смо;, и;иск;поз;м, 
Text 213; ев; а ; Co;u C;оло
Text 214;Так;о в;ой ;в. ;лю 
Text 215;ерм;уже;енн;йле;ази
Text 216;оля;объ;еди;ne.;кту
Text 217;оме; би;каз;ерь;я п
Text 218;щим;ше ;йск;лир;зит
Text 219;кан;о т;ам ;щая;аво
Text 220;— э;м и;уп ;рую;га 
Text 221;дло;пер;о в;ает;в А
Text 222;eld;оле;ний;тру;так
Text 223;ют ;пла;н б;т п;ьно
Text 224;аяв; ок; вр; ад;ели
Text 225;й с;вши; од;Y G;иму
Text 226;ех ;пра; кр;е е;анс
Text 227;зит;жем;в о; ув;80
Text 228;ner;жет;ний;llo;ту 
Text 229;в с;в н;спи;а $;им,
Text 230;аст;нос; жи;ыва;4 %
Text 231;вых;Cit;», ;в и;т».
Text 232;Так; ли;Сог;нна; кр
Text 233;има;ата;ски;лан;й и
Text 234;анц;ым ;млн;ней;отр
Text 235;в н;, ч; ск;оны;ьбе
Text 236;0;-от;жив; Та;был
Text 237; вх; Гл;кже;fei;10,00 $
Text 238;PO.;уем;пят;ё с;. С
Text 239; Со;я и;у п;сор;иал
Text 240;. П;тет;рли;а 3;ие:
Text 241;о о;ажд;ду ;цие;нут
Text 242;я. ;я б;тст;е.П;у ю
Text 243;ети;ско;хши;и н;по 
Text 244;ано;еле;ове;т Р;оск
Text 245;nou;ибу; же; вх;кже
Text 246;yan;ы н;уни;асс; бы
Text 247;ива;зен;ала;сма;поз
Text 248;й к; пл;ах ;и д; ав
Text 249;ска;олн;ас ;о м;лан
Text 250;у п;я п;луг;апр;тве