Text 1;иро;ежа;тно; вм;онн
Text 2;. П;му ;и» ;раж;тов
Text 3; ул;лли;й, ;и з;тве
Text 4;ада;юще;сон;ссы;дпи
Text 5;иче;аты;дал;ера;дст
Text 6;ин ;нде; хо;нке;amb
Text 7;нос;мов;в м;леч;сст
Text 8;ри ;отр;ы н;бот;ля 
Text 9;нов;ь и;едо;точ;вле
Text 10;ини;ерк;бел;тер;и п
Text 11; ан;ове;ме»;нео; ак
Text 12;ные;гим;Ком;аль;кое
Text 13;ле ;9 м; ег;бле;арт
Text 14;ове;.  ; де;ооб;нст
Text 15; ро;ю з;рот; Бо;ве»
Text 16;ибл;е п;вна;и в; фо
Text 17;свя;б э;и м; бе;то:
Text 18;овя;450;авг;0,3;йн-
Text 19;М2;ким;том;яци;м о
Text 20;х б; ди;ы н; бу;До 
Text 21;о и; ко;енн;вод;ать
Text 22; и ;ерт;Аль;ран;пос
Text 23;дим;ью ;мос;ЖКХ;зам
Text 24; «Ф;9 д;что;асс;рес
Text 25;мя»;— д;поз;яца;я».
Text 26;с-с;с и;ори;лаг;осс
Text 27;. В;оюз;дны;и E;, К
Text 28;е д;ори;мен;цию;а. 
Text 29;зав;в и;, а;, и; ре
Text 30;ной;ывш;ыти;ующ;нцу
Text 31;т т;ими;но ;удо;бъе
Text 32;ма ;кже;15;а «;вше
Text 33; ре;лан;обы;ажд;к: 
Text 34;аха;акж;рой;чи.;сяч
Text 35;вил;пла;л, ;а 1;вои
Text 36;луж;дст;т к; во;т д
Text 37;м в;Кам;ору;ани;айт
Text 38;орт;аза; не;я д; ру
Text 39; не;ван;ица;г 0;рю 
Text 40;ман;ёса;веч;й э;том
Text 41;ты ;а, ;раз; Об; Ви
Text 42; ко;гов;ч е;а П;я о
Text 43;олл;або;лл-;ко ;анк
Text 44; Ка;ер,;сим;рол;клю
Text 45;а и;лис;о 1;3 к;и п
Text 46;зны; ре;лан;ий ;орт
Text 47;хот;едс;ся ; са;шех
Text 48;обы;ную;о «;тал;льк
Text 49;ют ;ха,;вку;а т;едс
Text 50;бе ;льк; да; эл;в п
Text 51;нес;а 2; эк;едв;Вто
Text 52;в п;ах ; и ;для;USB
Text 53; пе;Мор;я к;нну;иму
Text 54;ём ;лов;уль;пор;и и
Text 55;ков;диз;ижа;дов;дет
Text 56;рек;е и;рит;а о;ден
Text 57;ь з;нар;аро;15;ица
Text 58;» з;х с;», ; ре;вес
Text 59;ска;чел;й с;вил; лю
Text 60; ед;ход;тет;с п;Это
Text 61;поз;акр;в, ;рый;дел
Text 62; са;. С;ю м;мил;ала
Text 63;лич;тны;аза; Ал;Яну
Text 64;ода;ком;что;они;асс
Text 65;пок;(от;ь и;ные;ал 
Text 66;нир;точ;едс;лоб; ар
Text 67;вре;зне;есл;ка ;мож
Text 68;ас ;ютс; Ро;, п;ва,
Text 69;вар;вле;в. ; ст;е в
Text 70; ск;вом;ещё;, к;овы
Text 71; ак;ата;ра ; ма;а. 
Text 72; «И;нос;озд;авл;ять
Text 73;% з;ест;ы р;50;ь 1
Text 74;объ;пла;ю в;к»,;ат,
Text 75;ба ;вен;т. ;ли ;и а
Text 76;ар ;976;еся;о в;.Дл
Text 77;ьск;дь ;нир;лег;647
Text 78;цие;ь с;ерв;нто;ам 
Text 79;вы ; вы;Пер;по ;х и
Text 80;ущи;иту;ь у;огн;24
Text 81;ьск;дь ;. П;ют ;».В
Text 82;ром;а. ;мес;уду;аза
Text 83;Он ;ill;оти;сещ;зго
Text 84;аст; че;— П;бще;ра.
Text 85;плю;ьск;, у;вар;рмо
Text 86;о в;» —;ого; су;дил
Text 87;овн;ату; из;ег»;зне
Text 88;нут;нил;ла.;#??;с с
Text 89;ть ;иче;и т;ьно;вор
Text 90;ка ;е л;ики;дск;кви
Text 91;жар;х г;дск;елу;пол
Text 92;«пр; во;ини;же ;кая
Text 93;и в;ии.;t, ; во;х д
Text 94;сор;я н; и ;ию ;ерш
Text 95;уля;шен;ажд;ий ;у ч
Text 96;на ; от;и к;овк;ве 
Text 97;ь.Р;опл;ой,;юми;раж
Text 98;йти;суд;а-ц;я ж;ить
Text 99;шой;ьно;ва»;х а; По
Text 100;е, ;е б;ли ;кно;буд
Text 101;мэр;аге;тст;оль;— п
Text 102;дос;ахо;ужн;й з;lla
Text 103; ра;три;ос»;914; из
Text 104; Br;я и;пот; пл;вал
Text 105;The; ру;тир;сов;е в
Text 106;ную;Быв;„Ян;и. ;к н
Text 107;к п;ужб;аяв;ож ;FM»
Text 108;ент;ти ;асс;а и;ужб
Text 109;да ;ны.;й з; до;нте
Text 110;упр;л «;ме ;т п;осу
Text 111;очк;рош;ижн;нач;тел
Text 112;й, ;щё ; бу;ооб;Инс
Text 113;ивы; ре;гра;обы;2 м
Text 114;ним;пло;ини;е о;лен
Text 115;„Ар;50;Пер; ию;по 
Text 116;ост;лот;н п;ова;гор
Text 117;ьно; гр; Фе;нач;рла
Text 118;, с; По;йст;зав;, а
Text 119;низ;то ;». ;нуж;ом»
Text 120;ы л;так;рие;ал ;вам
Text 121;ояс; «И;рьк;рте; ки
Text 122;. «; уд;тре; св;и «
Text 123;пам;в «;196;да.;ело
Text 124;удо;нил;в»,;в, ;21
Text 125;оду;ля.;еНо;чае;%. 
Text 126;зат;бот;ена;иму; та
Text 127;по ;мир;ос,;с».;Гла
Text 128;вод;нно;гор;0 %;ерн
Text 129;тия;:00;ког;пол;лио
Text 130;ска;т о;мес; пл;акж
Text 131;тит;Пит;«Тв;вящ;ссы
Text 132;реж;В с;ют,;0 д; ре
Text 133; ка;гра;екс;ясн;роп
Text 134;ил ;л Н;ин»; ру;то 
Text 135; ма;ети;на ; ни; Фо
Text 136;ил ;унк; ух; су;а «
Text 137;до ;ка:;экр;дас;ь к
Text 138;«сл;со ; де;ылк;к м
Text 139;авл;аку;пле;ужн;ран
Text 140;лям;ари;о М;очь;д» 
Text 141;e B;ы T;га,;сты;eat
Text 142;о н;ног;осл;м ж;ооб
Text 143;9 ж;айн;бот;оот;гно
Text 144;све;б э;пуш;The;ёст
Text 145;опу;у Ф; Фе;к п; До
Text 146;в с;60;еда;ивы; — 
Text 147;ник;ко ;132;льт;т?»
Text 148;роз;ыты; ра;.Кр;жин
Text 149;на ; от;ино;а, ;9 а
Text 150;ме ;де ;с «;ог.;й м
Text 151;мер;вы ; ию;х и;вил
Text 152;нчи;ате;оса;ь о;на 
Text 153;оли;, С;Иль;нин;ска
Text 154; «М;зво;тоя;се ; Ну
Text 155; чт;й с;ых ; мо;тат
Text 156;а в;одн;сво;оль; бы
Text 157;оть;рем;ию ;ме ;чес
Text 158;«по;ь и;22:00;вам;тме
Text 159;дуе;оку; ор;т т;я и
Text 160;а з;ека;но ;При;ом 
Text 161;#??;зер;ажу;лас;ета
Text 162;теп; ср;в т;ина;ённ
Text 163;дит;нет;етс;оби;ю, 
Text 164;го ;ане;зам;нны;озу
Text 165;юби;вух;вяз;ран;в, 
Text 166;.«П;#??;реб;спо;я д
Text 167;, и;Кры;тны; Ал;ютс
Text 168;л, ;ёт ;#Ru;, б;uss
Text 169;щад;и к;онг;душ;).П
Text 170;трё;нес;ней;да,; кр
Text 171;21;руп;чет;й ф;ь и
Text 172;ове; «М;пот; ма;зво
Text 173;яют;пт.;вух;0:00; «И
Text 174; зо;лла;иал;нал;дна
Text 175;ть ; «Е; Пе;ы с;ино
Text 176;яци; чт;гра; мы; до
Text 177; го;ил,;еда;«не;чем
Text 178;е о; «В;дин;дос;ждо
Text 179; ор;gle;да,;иро;. К
Text 180;ово;, в;соо; Ма; об
Text 181;id:;cre;fbm;кже;е 4
Text 182;етс;­да;ось;ооб;еть
Text 183;х у;ующ; св;. К; Ме
Text 184;или;, у;узн;ою ;сво
Text 185;, к;я х;или; зу; ко
Text 186;лад;иль;50;ных;ды 
Text 187;едн;ейн;сор;се ;ора
Text 188;пер;й м;б э;ям.; см
Text 189;ал.;фиц;м р;ей.;бле
Text 190;льк; дл;тек;act;кто
Text 191;ору;лед;ки.;лас;фор
Text 192;ест; Ли;оез;дск;льк
Text 193;яни;X в; Со;у, ;етс
Text 194;рак;гае;, и;ой ; с 
Text 195;кар;я к;там;зал;стр
Text 196;нос;озд;. К;ган;т в
Text 197;«Мо;а п;— п;а, ;рац
Text 198;т о;и э;ани;ёнк;кар
Text 199;аф ;ть,;. П;там;жно
Text 200;1 м;ким; Ст;яже;рав
Text 201;нос;бил;сти;аст;ь п
Text 202;сто;емо;19;тар; пе
Text 203;аза;я д;мо ;нео; «И
Text 204;ужс;ват;л, ;, К;тье
Text 205;ые ;ких;ое ;, ч;ки 
Text 206;ког; пи;яти;уча;ете
Text 207;теа; бю; те;реа;еал
Text 208;цен;юля;к п;лищ;оло
Text 209;нал;ано;ков;рга;дут
Text 210;ики;вёр;ыта;и T;нец
Text 211;ве,;овр;еща; тя;(3-
Text 212;рви;ват; уж;Общ;ей 
Text 213;нны;, к;и.Е;юче;брё
Text 214;Рос;ерн;49; вы;мар
Text 215;убб;. Э;точ;рдн;цу,
Text 216; от;р, ;и к;з н;зоб
Text 217;ват;ань;ей ;руд;обе
Text 218;сва;х р; ко;что;сти
Text 219;ена;ют ;» с;зде;цеп
Text 220;аве;аза;йча;н. ;иты
Text 221;(s);поз;(@a;рви;лен
Text 222; К ;ком;жил;ти ;т ж
Text 223;уют;159;е А;тск;рад
Text 224;ени;ьно;изн;м 9;ежд
Text 225; В ;ози;Рос;я с;тро
Text 226;ыст; Ла;бъе;ал ;али
Text 227;еск;ли ;. А;а, ;ый 
Text 228;люг; бе;дер;се ;я н
Text 229;деп; из;вре;тор;«су
Text 230;А в;нир;ь и;вле;вре
Text 231;ден;ота; го;0 т;Сде
Text 232;u».; то; ма; — ; ру
Text 233;гме;ы, ;ы т;тол;ный
Text 234;уни;льн;пла;пор; «Г
Text 235;мен;у ч;я —;уто;тал
Text 236;Там;сти;нск;лож;вор
Text 237;ивн;одя;еле;лан;каз
Text 238;иум;род; ию;31;дал
Text 239;вы,;ика;ити;ени;ьно
Text 240;авл;а в;онн;аци;ый 
Text 241; ра;а ч;узн;едс;жим
Text 242;а т;е в;рск; ТА;тор
Text 243;сно;рог; ге;20;х г
Text 244;по ;ин.;лен;даж;щил
Text 245; Cu;ре ;Fac;ли ;лиц
Text 246;и н; вы;сей;х в;ии 
Text 247;», ;осс;р Р;пен;мон
Text 248;ичн;й и;и «;руш; ви
Text 249;#ме;ан ;или;и т;сво
Text 250;инг;й и;ла ;пан;мед